risk_score,borrower_count,avg_risk_score,min_risk_score,max_risk_score,actual_default_rate
32.0,1,32.0,32.0,32.0,1.0
36.0,1,36.0,36.0,36.0,1.0
38.0,1,38.0,38.0,38.0,1.0
39.0,2,39.0,39.0,39.0,1.0
40.0,4,40.0,40.0,40.0,0.75
42.0,2,42.0,42.0,42.0,1.0
43.0,2,43.0,43.0,43.0,1.0
44.0,4,44.0,44.0,44.0,0.75
45.0,4,45.0,45.0,45.0,1.0
46.0,3,46.0,46.0,46.0,1.0
47.0,2,47.0,47.0,47.0,1.0
48.0,4,48.0,48.0,48.0,0.75
49.0,6,49.0,49.0,49.0,1.0
50.0,5,50.0,50.0,50.0,1.0
51.0,8,51.0,51.0,51.0,1.0
52.0,9,52.0,52.0,52.0,0.8888888888888888
53.0,5,53.0,53.0,53.0,1.0
54.0,4,54.0,54.0,54.0,0.75
55.0,12,55.0,55.0,55.0,0.8333333333333334
56.0,10,56.0,56.0,56.0,0.9
57.0,18,57.0,57.0,57.0,0.8888888888888888
58.0,9,58.0,58.0,58.0,0.7777777777777778
59.0,14,59.0,59.0,59.0,0.9285714285714286
60.0,11,60.0,60.0,60.0,0.6363636363636364
61.0,23,61.0,61.0,61.0,0.8260869565217391
62.0,12,62.0,62.0,62.0,0.8333333333333334
63.0,13,63.0,63.0,63.0,1.0
64.0,15,64.0,64.0,64.0,0.8666666666666667
65.0,15,65.0,65.0,65.0,0.8666666666666667
66.0,14,66.0,66.0,66.0,0.9285714285714286
67.0,11,67.0,67.0,67.0,0.6363636363636364
68.0,21,68.0,68.0,68.0,0.7619047619047619
69.0,20,69.0,69.0,69.0,0.8
70.0,11,70.0,70.0,70.0,0.8181818181818182
71.0,13,71.0,71.0,71.0,0.9230769230769231
72.0,20,72.0,72.0,72.0,0.75
73.0,19,73.0,73.0,73.0,0.8421052631578947
74.0,21,74.0,74.0,74.0,0.9047619047619048
75.0,18,75.0,75.0,75.0,0.8333333333333334
76.0,19,76.0,76.0,76.0,0.8421052631578947
77.0,18,77.0,77.0,77.0,0.6666666666666666
78.0,16,78.0,78.0,78.0,0.5625
79.0,20,79.0,79.0,79.0,0.7
80.0,16,80.0,80.0,80.0,0.9375
81.0,25,81.0,81.0,81.0,0.92
82.0,15,82.0,82.0,82.0,0.9333333333333333
83.0,17,83.0,83.0,83.0,0.7647058823529411
84.0,18,84.0,84.0,84.0,0.7777777777777778
85.0,23,85.0,85.0,85.0,0.6521739130434783
86.0,11,86.0,86.0,86.0,0.8181818181818182
87.0,19,87.0,87.0,87.0,0.8421052631578947
88.0,15,88.0,88.0,88.0,0.7333333333333333
89.0,21,89.0,89.0,89.0,0.8571428571428571
90.0,16,90.0,90.0,90.0,0.75
91.0,17,91.0,91.0,91.0,0.8235294117647058
92.0,13,92.0,92.0,92.0,0.8461538461538461
93.0,21,93.0,93.0,93.0,0.6666666666666666
94.0,17,94.0,94.0,94.0,0.8235294117647058
95.0,12,95.0,95.0,95.0,0.8333333333333334
96.0,16,96.0,96.0,96.0,0.875
97.0,14,97.0,97.0,97.0,0.7142857142857143
98.0,16,98.0,98.0,98.0,0.625
99.0,12,99.0,99.0,99.0,0.75
100.0,15,100.0,100.0,100.0,0.7333333333333333
101.0,13,101.0,101.0,101.0,0.7692307692307693
102.0,17,102.0,102.0,102.0,0.6470588235294118
103.0,13,103.0,103.0,103.0,0.5384615384615384
104.0,16,104.0,104.0,104.0,0.8125
105.0,11,105.0,105.0,105.0,0.7272727272727273
106.0,7,106.0,106.0,106.0,0.8571428571428571
107.0,10,107.0,107.0,107.0,0.6
108.0,11,108.0,108.0,108.0,0.7272727272727273
109.0,10,109.0,109.0,109.0,0.7
110.0,9,110.0,110.0,110.0,0.7777777777777778
111.0,9,111.0,111.0,111.0,0.5555555555555556
112.0,13,112.0,112.0,112.0,0.9230769230769231
113.0,11,113.0,113.0,113.0,0.45454545454545453
114.0,15,114.0,114.0,114.0,0.8666666666666667
115.0,5,115.0,115.0,115.0,0.6
116.0,4,116.0,116.0,116.0,0.75
117.0,10,117.0,117.0,117.0,0.7
118.0,5,118.0,118.0,118.0,0.8
119.0,9,119.0,119.0,119.0,1.0
120.0,8,120.0,120.0,120.0,0.625
121.0,6,121.0,121.0,121.0,0.3333333333333333
122.0,11,122.0,122.0,122.0,0.5454545454545454
123.0,11,123.0,123.0,123.0,0.8181818181818182
124.0,13,124.0,124.0,124.0,0.6923076923076923
125.0,12,125.0,125.0,125.0,0.5833333333333334
126.0,14,126.0,126.0,126.0,0.7857142857142857
127.0,6,127.0,127.0,127.0,0.6666666666666666
128.0,9,128.0,128.0,128.0,0.6666666666666666
129.0,14,129.0,129.0,129.0,0.6428571428571429
130.0,7,130.0,130.0,130.0,0.7142857142857143
131.0,8,131.0,131.0,131.0,0.875
132.0,10,132.0,132.0,132.0,0.6
133.0,12,133.0,133.0,133.0,0.8333333333333334
134.0,14,134.0,134.0,134.0,0.8571428571428571
135.0,15,135.0,135.0,135.0,0.7333333333333333
136.0,15,136.0,136.0,136.0,0.6666666666666666
137.0,10,137.0,137.0,137.0,0.7
138.0,6,138.0,138.0,138.0,0.6666666666666666
139.0,12,139.0,139.0,139.0,0.75
140.0,12,140.0,140.0,140.0,0.6666666666666666
141.0,7,141.0,141.0,141.0,0.8571428571428571
142.0,10,142.0,142.0,142.0,0.2
143.0,11,143.0,143.0,143.0,0.5454545454545454
144.0,16,144.0,144.0,144.0,0.5
145.0,11,145.0,145.0,145.0,0.9090909090909091
146.0,12,146.0,146.0,146.0,0.6666666666666666
147.0,15,147.0,147.0,147.0,0.8
148.0,7,148.0,148.0,148.0,0.5714285714285714
149.0,14,149.0,149.0,149.0,0.8571428571428571
150.0,7,150.0,150.0,150.0,0.8571428571428571
151.0,14,151.0,151.0,151.0,0.5
152.0,15,152.0,152.0,152.0,0.5333333333333333
153.0,14,153.0,153.0,153.0,0.7142857142857143
154.0,9,154.0,154.0,154.0,0.4444444444444444
155.0,17,155.0,155.0,155.0,0.47058823529411764
156.0,9,156.0,156.0,156.0,0.5555555555555556
157.0,17,157.0,157.0,157.0,0.5294117647058824
158.0,18,158.0,158.0,158.0,0.6111111111111112
159.0,21,159.0,159.0,159.0,0.8571428571428571
160.0,8,160.0,160.0,160.0,0.625
161.0,16,161.0,161.0,161.0,0.5
162.0,16,162.0,162.0,162.0,0.5625
163.0,25,163.0,163.0,163.0,0.72
164.0,15,164.0,164.0,164.0,0.7333333333333333
165.0,28,165.0,165.0,165.0,0.7142857142857143
166.0,11,166.0,166.0,166.0,0.8181818181818182
167.0,16,167.0,167.0,167.0,0.5625
168.0,17,168.0,168.0,168.0,0.5882352941176471
169.0,16,169.0,169.0,169.0,0.5
170.0,17,170.0,170.0,170.0,0.6470588235294118
171.0,13,171.0,171.0,171.0,0.46153846153846156
172.0,20,172.0,172.0,172.0,0.55
173.0,16,173.0,173.0,173.0,0.625
174.0,22,174.0,174.0,174.0,0.6363636363636364
175.0,16,175.0,175.0,175.0,0.6875
176.0,20,176.0,176.0,176.0,0.4
177.0,19,177.0,177.0,177.0,0.5789473684210527
178.0,15,178.0,178.0,178.0,0.5333333333333333
179.0,14,179.0,179.0,179.0,0.5714285714285714
180.0,18,180.0,180.0,180.0,0.7222222222222222
181.0,24,181.0,181.0,181.0,0.5833333333333334
182.0,26,182.0,182.0,182.0,0.6153846153846154
183.0,15,183.0,183.0,183.0,0.8666666666666667
184.0,14,184.0,184.0,184.0,0.6428571428571429
185.0,20,185.0,185.0,185.0,0.6
186.0,17,186.0,186.0,186.0,0.5294117647058824
187.0,18,187.0,187.0,187.0,0.5555555555555556
188.0,18,188.0,188.0,188.0,0.7777777777777778
189.0,20,189.0,189.0,189.0,0.6
190.0,20,190.0,190.0,190.0,0.65
191.0,24,191.0,191.0,191.0,0.5
192.0,26,192.0,192.0,192.0,0.46153846153846156
193.0,18,193.0,193.0,193.0,0.6111111111111112
194.0,24,194.0,194.0,194.0,0.5
195.0,30,195.0,195.0,195.0,0.7
196.0,22,196.0,196.0,196.0,0.36363636363636365
197.0,22,197.0,197.0,197.0,0.6363636363636364
198.0,19,198.0,198.0,198.0,0.5263157894736842
199.0,26,199.0,199.0,199.0,0.38461538461538464
200.0,34,200.0,200.0,200.0,0.4117647058823529
201.0,22,201.0,201.0,201.0,0.7727272727272727
202.0,21,202.0,202.0,202.0,0.5714285714285714
203.0,24,203.0,203.0,203.0,0.625
204.0,24,204.0,204.0,204.0,0.5
205.0,23,205.0,205.0,205.0,0.4782608695652174
206.0,20,206.0,206.0,206.0,0.7
207.0,18,207.0,207.0,207.0,0.6111111111111112
208.0,27,208.0,208.0,208.0,0.4444444444444444
209.0,26,209.0,209.0,209.0,0.4230769230769231
210.0,29,210.0,210.0,210.0,0.5172413793103449
211.0,29,211.0,211.0,211.0,0.5172413793103449
212.0,23,212.0,212.0,212.0,0.5217391304347826
213.0,26,213.0,213.0,213.0,0.34615384615384615
214.0,21,214.0,214.0,214.0,0.5714285714285714
215.0,28,215.0,215.0,215.0,0.75
216.0,25,216.0,216.0,216.0,0.6
217.0,35,217.0,217.0,217.0,0.5142857142857142
218.0,31,218.0,218.0,218.0,0.4838709677419355
219.0,30,219.0,219.0,219.0,0.6333333333333333
220.0,35,220.0,220.0,220.0,0.5714285714285714
221.0,26,221.0,221.0,221.0,0.46153846153846156
222.0,34,222.0,222.0,222.0,0.5294117647058824
223.0,29,223.0,223.0,223.0,0.4827586206896552
224.0,39,224.0,224.0,224.0,0.48717948717948717
225.0,39,225.0,225.0,225.0,0.5128205128205128
226.0,34,226.0,226.0,226.0,0.5
227.0,30,227.0,227.0,227.0,0.6
228.0,21,228.0,228.0,228.0,0.6666666666666666
229.0,24,229.0,229.0,229.0,0.4583333333333333
230.0,27,230.0,230.0,230.0,0.5925925925925926
231.0,47,231.0,231.0,231.0,0.5531914893617021
232.0,27,232.0,232.0,232.0,0.48148148148148145
233.0,34,233.0,233.0,233.0,0.6176470588235294
234.0,26,234.0,234.0,234.0,0.4230769230769231
235.0,32,235.0,235.0,235.0,0.5
236.0,29,236.0,236.0,236.0,0.4827586206896552
237.0,38,237.0,237.0,237.0,0.5526315789473685
238.0,40,238.0,238.0,238.0,0.5
239.0,32,239.0,239.0,239.0,0.53125
240.0,30,240.0,240.0,240.0,0.43333333333333335
241.0,40,241.0,241.0,241.0,0.525
242.0,19,242.0,242.0,242.0,0.42105263157894735
243.0,39,243.0,243.0,243.0,0.41025641025641024
244.0,24,244.0,244.0,244.0,0.4166666666666667
245.0,27,245.0,245.0,245.0,0.5925925925925926
246.0,38,246.0,246.0,246.0,0.39473684210526316
247.0,26,247.0,247.0,247.0,0.6923076923076923
248.0,35,248.0,248.0,248.0,0.5142857142857142
249.0,30,249.0,249.0,249.0,0.5
250.0,38,250.0,250.0,250.0,0.4473684210526316
251.0,35,251.0,251.0,251.0,0.42857142857142855
252.0,40,252.0,252.0,252.0,0.4
253.0,37,253.0,253.0,253.0,0.5675675675675675
254.0,33,254.0,254.0,254.0,0.5151515151515151
255.0,29,255.0,255.0,255.0,0.4482758620689655
256.0,36,256.0,256.0,256.0,0.4722222222222222
257.0,37,257.0,257.0,257.0,0.35135135135135137
258.0,41,258.0,258.0,258.0,0.4634146341463415
259.0,40,259.0,259.0,259.0,0.475
260.0,44,260.0,260.0,260.0,0.4318181818181818
261.0,24,261.0,261.0,261.0,0.3333333333333333
262.0,40,262.0,262.0,262.0,0.45
263.0,31,263.0,263.0,263.0,0.3548387096774194
264.0,30,264.0,264.0,264.0,0.5333333333333333
265.0,25,265.0,265.0,265.0,0.32
266.0,29,266.0,266.0,266.0,0.5172413793103449
267.0,39,267.0,267.0,267.0,0.4358974358974359
268.0,29,268.0,268.0,268.0,0.41379310344827586
269.0,30,269.0,269.0,269.0,0.4666666666666667
270.0,28,270.0,270.0,270.0,0.32142857142857145
271.0,30,271.0,271.0,271.0,0.4666666666666667
272.0,27,272.0,272.0,272.0,0.37037037037037035
273.0,36,273.0,273.0,273.0,0.5555555555555556
274.0,39,274.0,274.0,274.0,0.4358974358974359
275.0,41,275.0,275.0,275.0,0.5365853658536586
276.0,29,276.0,276.0,276.0,0.41379310344827586
277.0,41,277.0,277.0,277.0,0.5121951219512195
278.0,49,278.0,278.0,278.0,0.3673469387755102
279.0,43,279.0,279.0,279.0,0.5813953488372093
280.0,26,280.0,280.0,280.0,0.6153846153846154
281.0,34,281.0,281.0,281.0,0.5
282.0,45,282.0,282.0,282.0,0.4
283.0,30,283.0,283.0,283.0,0.3333333333333333
284.0,40,284.0,284.0,284.0,0.4
285.0,42,285.0,285.0,285.0,0.2857142857142857
286.0,36,286.0,286.0,286.0,0.5
287.0,33,287.0,287.0,287.0,0.6060606060606061
288.0,31,288.0,288.0,288.0,0.41935483870967744
289.0,50,289.0,289.0,289.0,0.44
290.0,50,290.0,290.0,290.0,0.3
291.0,43,291.0,291.0,291.0,0.37209302325581395
292.0,40,292.0,292.0,292.0,0.275
293.0,34,293.0,293.0,293.0,0.47058823529411764
294.0,40,294.0,294.0,294.0,0.4
295.0,44,295.0,295.0,295.0,0.2727272727272727
296.0,36,296.0,296.0,296.0,0.4722222222222222
297.0,40,297.0,297.0,297.0,0.425
298.0,37,298.0,298.0,298.0,0.3783783783783784
299.0,36,299.0,299.0,299.0,0.4444444444444444
300.0,33,300.0,300.0,300.0,0.2727272727272727
301.0,44,301.0,301.0,301.0,0.38636363636363635
302.0,35,302.0,302.0,302.0,0.5142857142857142
303.0,33,303.0,303.0,303.0,0.3939393939393939
304.0,43,304.0,304.0,304.0,0.3953488372093023
305.0,36,305.0,305.0,305.0,0.3888888888888889
306.0,38,306.0,306.0,306.0,0.39473684210526316
307.0,42,307.0,307.0,307.0,0.42857142857142855
308.0,33,308.0,308.0,308.0,0.3333333333333333
309.0,42,309.0,309.0,309.0,0.4523809523809524
310.0,49,310.0,310.0,310.0,0.4489795918367347
311.0,30,311.0,311.0,311.0,0.4666666666666667
312.0,38,312.0,312.0,312.0,0.3157894736842105
313.0,42,313.0,313.0,313.0,0.4523809523809524
314.0,37,314.0,314.0,314.0,0.32432432432432434
315.0,47,315.0,315.0,315.0,0.48936170212765956
316.0,34,316.0,316.0,316.0,0.4117647058823529
317.0,46,317.0,317.0,317.0,0.32608695652173914
318.0,40,318.0,318.0,318.0,0.475
319.0,42,319.0,319.0,319.0,0.35714285714285715
320.0,26,320.0,320.0,320.0,0.5384615384615384
321.0,38,321.0,321.0,321.0,0.39473684210526316
322.0,36,322.0,322.0,322.0,0.3611111111111111
323.0,51,323.0,323.0,323.0,0.3333333333333333
324.0,43,324.0,324.0,324.0,0.2558139534883721
325.0,44,325.0,325.0,325.0,0.38636363636363635
326.0,50,326.0,326.0,326.0,0.36
327.0,44,327.0,327.0,327.0,0.29545454545454547
328.0,36,328.0,328.0,328.0,0.3611111111111111
329.0,47,329.0,329.0,329.0,0.425531914893617
330.0,32,330.0,330.0,330.0,0.21875
331.0,44,331.0,331.0,331.0,0.36363636363636365
332.0,39,332.0,332.0,332.0,0.358974358974359
333.0,48,333.0,333.0,333.0,0.3333333333333333
334.0,38,334.0,334.0,334.0,0.4473684210526316
335.0,45,335.0,335.0,335.0,0.4888888888888889
336.0,45,336.0,336.0,336.0,0.3333333333333333
337.0,44,337.0,337.0,337.0,0.25
338.0,47,338.0,338.0,338.0,0.3191489361702128
339.0,52,339.0,339.0,339.0,0.3269230769230769
340.0,38,340.0,340.0,340.0,0.39473684210526316
341.0,46,341.0,341.0,341.0,0.391304347826087
342.0,38,342.0,342.0,342.0,0.4473684210526316
343.0,43,343.0,343.0,343.0,0.32558139534883723
344.0,43,344.0,344.0,344.0,0.3488372093023256
345.0,45,345.0,345.0,345.0,0.4
346.0,40,346.0,346.0,346.0,0.425
347.0,34,347.0,347.0,347.0,0.4117647058823529
348.0,49,348.0,348.0,348.0,0.3877551020408163
349.0,43,349.0,349.0,349.0,0.3488372093023256
350.0,43,350.0,350.0,350.0,0.3953488372093023
351.0,49,351.0,351.0,351.0,0.2857142857142857
352.0,57,352.0,352.0,352.0,0.2631578947368421
353.0,30,353.0,353.0,353.0,0.3
354.0,43,354.0,354.0,354.0,0.3023255813953488
355.0,47,355.0,355.0,355.0,0.2765957446808511
356.0,52,356.0,356.0,356.0,0.4230769230769231
357.0,50,357.0,357.0,357.0,0.32
358.0,51,358.0,358.0,358.0,0.23529411764705882
359.0,47,359.0,359.0,359.0,0.1702127659574468
360.0,47,360.0,360.0,360.0,0.19148936170212766
361.0,51,361.0,361.0,361.0,0.3137254901960784
362.0,39,362.0,362.0,362.0,0.2564102564102564
363.0,34,363.0,363.0,363.0,0.4117647058823529
364.0,55,364.0,364.0,364.0,0.36363636363636365
365.0,48,365.0,365.0,365.0,0.3541666666666667
366.0,46,366.0,366.0,366.0,0.391304347826087
367.0,35,367.0,367.0,367.0,0.2857142857142857
368.0,44,368.0,368.0,368.0,0.3409090909090909
369.0,35,369.0,369.0,369.0,0.2571428571428571
370.0,51,370.0,370.0,370.0,0.39215686274509803
371.0,39,371.0,371.0,371.0,0.41025641025641024
372.0,46,372.0,372.0,372.0,0.2391304347826087
373.0,40,373.0,373.0,373.0,0.325
374.0,51,374.0,374.0,374.0,0.27450980392156865
375.0,40,375.0,375.0,375.0,0.325
376.0,63,376.0,376.0,376.0,0.31746031746031744
377.0,39,377.0,377.0,377.0,0.4358974358974359
378.0,43,378.0,378.0,378.0,0.27906976744186046
379.0,43,379.0,379.0,379.0,0.3488372093023256
380.0,31,380.0,380.0,380.0,0.3548387096774194
381.0,46,381.0,381.0,381.0,0.30434782608695654
382.0,56,382.0,382.0,382.0,0.375
383.0,52,383.0,383.0,383.0,0.36538461538461536
384.0,57,384.0,384.0,384.0,0.3157894736842105
385.0,44,385.0,385.0,385.0,0.22727272727272727
386.0,58,386.0,386.0,386.0,0.29310344827586204
387.0,44,387.0,387.0,387.0,0.11363636363636363
388.0,56,388.0,388.0,388.0,0.375
389.0,42,389.0,389.0,389.0,0.3333333333333333
390.0,57,390.0,390.0,390.0,0.3333333333333333
391.0,39,391.0,391.0,391.0,0.2564102564102564
392.0,50,392.0,392.0,392.0,0.32
393.0,57,393.0,393.0,393.0,0.24561403508771928
394.0,43,394.0,394.0,394.0,0.27906976744186046
395.0,60,395.0,395.0,395.0,0.18333333333333332
396.0,49,396.0,396.0,396.0,0.2653061224489796
397.0,51,397.0,397.0,397.0,0.27450980392156865
398.0,42,398.0,398.0,398.0,0.3333333333333333
399.0,36,399.0,399.0,399.0,0.3055555555555556
400.0,47,400.0,400.0,400.0,0.2127659574468085
401.0,41,401.0,401.0,401.0,0.3902439024390244
402.0,57,402.0,402.0,402.0,0.2807017543859649
403.0,46,403.0,403.0,403.0,0.30434782608695654
404.0,60,404.0,404.0,404.0,0.23333333333333334
405.0,45,405.0,405.0,405.0,0.37777777777777777
406.0,43,406.0,406.0,406.0,0.2558139534883721
407.0,63,407.0,407.0,407.0,0.3492063492063492
408.0,47,408.0,408.0,408.0,0.2978723404255319
409.0,38,409.0,409.0,409.0,0.23684210526315788
410.0,53,410.0,410.0,410.0,0.37735849056603776
411.0,44,411.0,411.0,411.0,0.22727272727272727
412.0,48,412.0,412.0,412.0,0.3125
413.0,52,413.0,413.0,413.0,0.17307692307692307
414.0,47,414.0,414.0,414.0,0.23404255319148937
415.0,44,415.0,415.0,415.0,0.20454545454545456
416.0,55,416.0,416.0,416.0,0.3090909090909091
417.0,51,417.0,417.0,417.0,0.21568627450980393
418.0,55,418.0,418.0,418.0,0.2545454545454545
419.0,46,419.0,419.0,419.0,0.34782608695652173
420.0,46,420.0,420.0,420.0,0.3695652173913043
421.0,56,421.0,421.0,421.0,0.21428571428571427
422.0,43,422.0,422.0,422.0,0.18604651162790697
423.0,50,423.0,423.0,423.0,0.3
424.0,53,424.0,424.0,424.0,0.2830188679245283
425.0,54,425.0,425.0,425.0,0.2962962962962963
426.0,45,426.0,426.0,426.0,0.24444444444444444
427.0,39,427.0,427.0,427.0,0.2564102564102564
428.0,56,428.0,428.0,428.0,0.25
429.0,46,429.0,429.0,429.0,0.34782608695652173
430.0,53,430.0,430.0,430.0,0.3584905660377358
431.0,46,431.0,431.0,431.0,0.32608695652173914
432.0,54,432.0,432.0,432.0,0.25925925925925924
433.0,46,433.0,433.0,433.0,0.2608695652173913
434.0,59,434.0,434.0,434.0,0.3220338983050847
435.0,50,435.0,435.0,435.0,0.24
436.0,44,436.0,436.0,436.0,0.25
437.0,54,437.0,437.0,437.0,0.14814814814814814
438.0,50,438.0,438.0,438.0,0.32
439.0,55,439.0,439.0,439.0,0.23636363636363636
440.0,47,440.0,440.0,440.0,0.2553191489361702
441.0,68,441.0,441.0,441.0,0.19117647058823528
442.0,51,442.0,442.0,442.0,0.35294117647058826
443.0,45,443.0,443.0,443.0,0.3333333333333333
444.0,55,444.0,444.0,444.0,0.36363636363636365
445.0,53,445.0,445.0,445.0,0.3018867924528302
446.0,45,446.0,446.0,446.0,0.17777777777777778
447.0,63,447.0,447.0,447.0,0.2222222222222222
448.0,61,448.0,448.0,448.0,0.32786885245901637
449.0,49,449.0,449.0,449.0,0.24489795918367346
450.0,65,450.0,450.0,450.0,0.3076923076923077
451.0,52,451.0,451.0,451.0,0.23076923076923078
452.0,52,452.0,452.0,452.0,0.34615384615384615
453.0,59,453.0,453.0,453.0,0.22033898305084745
454.0,48,454.0,454.0,454.0,0.3541666666666667
455.0,52,455.0,455.0,455.0,0.19230769230769232
456.0,64,456.0,456.0,456.0,0.21875
457.0,52,457.0,457.0,457.0,0.21153846153846154
458.0,46,458.0,458.0,458.0,0.2608695652173913
459.0,54,459.0,459.0,459.0,0.24074074074074073
460.0,59,460.0,460.0,460.0,0.2711864406779661
461.0,60,461.0,461.0,461.0,0.3
462.0,51,462.0,462.0,462.0,0.29411764705882354
463.0,58,463.0,463.0,463.0,0.22413793103448276
464.0,63,464.0,464.0,464.0,0.2222222222222222
465.0,42,465.0,465.0,465.0,0.35714285714285715
466.0,49,466.0,466.0,466.0,0.16326530612244897
467.0,52,467.0,467.0,467.0,0.34615384615384615
468.0,47,468.0,468.0,468.0,0.14893617021276595
469.0,54,469.0,469.0,469.0,0.24074074074074073
470.0,50,470.0,470.0,470.0,0.24
471.0,52,471.0,471.0,471.0,0.23076923076923078
472.0,65,472.0,472.0,472.0,0.3230769230769231
473.0,59,473.0,473.0,473.0,0.3389830508474576
474.0,62,474.0,474.0,474.0,0.3225806451612903
475.0,61,475.0,475.0,475.0,0.3114754098360656
476.0,54,476.0,476.0,476.0,0.14814814814814814
477.0,51,477.0,477.0,477.0,0.35294117647058826
478.0,64,478.0,478.0,478.0,0.203125
479.0,57,479.0,479.0,479.0,0.15789473684210525
480.0,60,480.0,480.0,480.0,0.16666666666666666
481.0,55,481.0,481.0,481.0,0.2545454545454545
482.0,65,482.0,482.0,482.0,0.12307692307692308
483.0,74,483.0,483.0,483.0,0.17567567567567569
484.0,56,484.0,484.0,484.0,0.14285714285714285
485.0,49,485.0,485.0,485.0,0.24489795918367346
486.0,54,486.0,486.0,486.0,0.16666666666666666
487.0,59,487.0,487.0,487.0,0.23728813559322035
488.0,59,488.0,488.0,488.0,0.2033898305084746
489.0,53,489.0,489.0,489.0,0.2641509433962264
490.0,43,490.0,490.0,490.0,0.23255813953488372
491.0,49,491.0,491.0,491.0,0.2857142857142857
492.0,50,492.0,492.0,492.0,0.26
493.0,64,493.0,493.0,493.0,0.234375
494.0,63,494.0,494.0,494.0,0.2222222222222222
495.0,63,495.0,495.0,495.0,0.12698412698412698
496.0,55,496.0,496.0,496.0,0.21818181818181817
497.0,61,497.0,497.0,497.0,0.16393442622950818
498.0,68,498.0,498.0,498.0,0.22058823529411764
499.0,40,499.0,499.0,499.0,0.375
500.0,67,500.0,500.0,500.0,0.11940298507462686
501.0,66,501.0,501.0,501.0,0.19696969696969696
502.0,60,502.0,502.0,502.0,0.18333333333333332
503.0,41,503.0,503.0,503.0,0.2926829268292683
504.0,72,504.0,504.0,504.0,0.2222222222222222
505.0,51,505.0,505.0,505.0,0.21568627450980393
506.0,59,506.0,506.0,506.0,0.22033898305084745
507.0,49,507.0,507.0,507.0,0.2653061224489796
508.0,49,508.0,508.0,508.0,0.12244897959183673
509.0,59,509.0,509.0,509.0,0.2711864406779661
510.0,65,510.0,510.0,510.0,0.2153846153846154
511.0,57,511.0,511.0,511.0,0.21052631578947367
512.0,54,512.0,512.0,512.0,0.3333333333333333
513.0,47,513.0,513.0,513.0,0.10638297872340426
514.0,62,514.0,514.0,514.0,0.24193548387096775
515.0,69,515.0,515.0,515.0,0.2463768115942029
516.0,79,516.0,516.0,516.0,0.24050632911392406
517.0,57,517.0,517.0,517.0,0.3333333333333333
518.0,53,518.0,518.0,518.0,0.3018867924528302
519.0,56,519.0,519.0,519.0,0.2857142857142857
520.0,55,520.0,520.0,520.0,0.23636363636363636
521.0,67,521.0,521.0,521.0,0.19402985074626866
522.0,44,522.0,522.0,522.0,0.13636363636363635
523.0,66,523.0,523.0,523.0,0.3484848484848485
524.0,50,524.0,524.0,524.0,0.16
525.0,56,525.0,525.0,525.0,0.14285714285714285
526.0,66,526.0,526.0,526.0,0.24242424242424243
527.0,62,527.0,527.0,527.0,0.1935483870967742
528.0,63,528.0,528.0,528.0,0.23809523809523808
529.0,62,529.0,529.0,529.0,0.25806451612903225
530.0,77,530.0,530.0,530.0,0.2987012987012987
531.0,61,531.0,531.0,531.0,0.09836065573770492
532.0,48,532.0,532.0,532.0,0.1875
533.0,45,533.0,533.0,533.0,0.2
534.0,64,534.0,534.0,534.0,0.21875
535.0,58,535.0,535.0,535.0,0.2413793103448276
536.0,62,536.0,536.0,536.0,0.1935483870967742
537.0,61,537.0,537.0,537.0,0.26229508196721313
538.0,62,538.0,538.0,538.0,0.1935483870967742
539.0,75,539.0,539.0,539.0,0.21333333333333335
540.0,59,540.0,540.0,540.0,0.22033898305084745
541.0,60,541.0,541.0,541.0,0.2
542.0,68,542.0,542.0,542.0,0.17647058823529413
543.0,63,543.0,543.0,543.0,0.15873015873015872
544.0,64,544.0,544.0,544.0,0.234375
545.0,53,545.0,545.0,545.0,0.24528301886792453
546.0,59,546.0,546.0,546.0,0.1864406779661017
547.0,78,547.0,547.0,547.0,0.2564102564102564
548.0,50,548.0,548.0,548.0,0.14
549.0,67,549.0,549.0,549.0,0.208955223880597
550.0,59,550.0,550.0,550.0,0.23728813559322035
551.0,67,551.0,551.0,551.0,0.1791044776119403
552.0,72,552.0,552.0,552.0,0.18055555555555555
553.0,60,553.0,553.0,553.0,0.31666666666666665
554.0,59,554.0,554.0,554.0,0.13559322033898305
555.0,70,555.0,555.0,555.0,0.15714285714285714
556.0,60,556.0,556.0,556.0,0.2
557.0,64,557.0,557.0,557.0,0.09375
558.0,62,558.0,558.0,558.0,0.3064516129032258
559.0,58,559.0,559.0,559.0,0.1896551724137931
560.0,69,560.0,560.0,560.0,0.2318840579710145
561.0,58,561.0,561.0,561.0,0.10344827586206896
562.0,63,562.0,562.0,562.0,0.14285714285714285
563.0,67,563.0,563.0,563.0,0.22388059701492538
564.0,58,564.0,564.0,564.0,0.15517241379310345
565.0,67,565.0,565.0,565.0,0.22388059701492538
566.0,54,566.0,566.0,566.0,0.12962962962962962
567.0,60,567.0,567.0,567.0,0.16666666666666666
568.0,76,568.0,568.0,568.0,0.2236842105263158
569.0,67,569.0,569.0,569.0,0.16417910447761194
570.0,48,570.0,570.0,570.0,0.16666666666666666
571.0,57,571.0,571.0,571.0,0.22807017543859648
572.0,60,572.0,572.0,572.0,0.2
573.0,65,573.0,573.0,573.0,0.12307692307692308
574.0,49,574.0,574.0,574.0,0.20408163265306123
575.0,54,575.0,575.0,575.0,0.14814814814814814
576.0,66,576.0,576.0,576.0,0.22727272727272727
577.0,48,577.0,577.0,577.0,0.16666666666666666
578.0,62,578.0,578.0,578.0,0.16129032258064516
579.0,60,579.0,579.0,579.0,0.2
580.0,74,580.0,580.0,580.0,0.28378378378378377
581.0,73,581.0,581.0,581.0,0.1506849315068493
582.0,52,582.0,582.0,582.0,0.15384615384615385
583.0,63,583.0,583.0,583.0,0.20634920634920634
584.0,71,584.0,584.0,584.0,0.2112676056338028
585.0,56,585.0,585.0,585.0,0.21428571428571427
586.0,48,586.0,586.0,586.0,0.16666666666666666
587.0,57,587.0,587.0,587.0,0.12280701754385964
588.0,72,588.0,588.0,588.0,0.16666666666666666
589.0,57,589.0,589.0,589.0,0.22807017543859648
590.0,60,590.0,590.0,590.0,0.11666666666666667
591.0,80,591.0,591.0,591.0,0.125
592.0,66,592.0,592.0,592.0,0.15151515151515152
593.0,67,593.0,593.0,593.0,0.14925373134328357
594.0,55,594.0,594.0,594.0,0.21818181818181817
595.0,64,595.0,595.0,595.0,0.15625
596.0,70,596.0,596.0,596.0,0.17142857142857143
597.0,65,597.0,597.0,597.0,0.13846153846153847
598.0,76,598.0,598.0,598.0,0.15789473684210525
599.0,51,599.0,599.0,599.0,0.29411764705882354
600.0,61,600.0,600.0,600.0,0.2459016393442623
601.0,70,601.0,601.0,601.0,0.18571428571428572
602.0,63,602.0,602.0,602.0,0.12698412698412698
603.0,47,603.0,603.0,603.0,0.1702127659574468
604.0,66,604.0,604.0,604.0,0.10606060606060606
605.0,64,605.0,605.0,605.0,0.15625
606.0,58,606.0,606.0,606.0,0.1724137931034483
607.0,67,607.0,607.0,607.0,0.1791044776119403
608.0,72,608.0,608.0,608.0,0.1388888888888889
609.0,53,609.0,609.0,609.0,0.1320754716981132
610.0,68,610.0,610.0,610.0,0.19117647058823528
611.0,70,611.0,611.0,611.0,0.14285714285714285
612.0,70,612.0,612.0,612.0,0.14285714285714285
613.0,65,613.0,613.0,613.0,0.1076923076923077
614.0,79,614.0,614.0,614.0,0.21518987341772153
615.0,64,615.0,615.0,615.0,0.21875
616.0,54,616.0,616.0,616.0,0.16666666666666666
617.0,54,617.0,617.0,617.0,0.12962962962962962
618.0,69,618.0,618.0,618.0,0.10144927536231885
619.0,58,619.0,619.0,619.0,0.15517241379310345
620.0,66,620.0,620.0,620.0,0.13636363636363635
621.0,67,621.0,621.0,621.0,0.1044776119402985
622.0,58,622.0,622.0,622.0,0.15517241379310345
623.0,60,623.0,623.0,623.0,0.16666666666666666
624.0,61,624.0,624.0,624.0,0.14754098360655737
625.0,75,625.0,625.0,625.0,0.13333333333333333
626.0,85,626.0,626.0,626.0,0.18823529411764706
627.0,69,627.0,627.0,627.0,0.14492753623188406
628.0,63,628.0,628.0,628.0,0.1746031746031746
629.0,61,629.0,629.0,629.0,0.08196721311475409
630.0,79,630.0,630.0,630.0,0.1518987341772152
631.0,74,631.0,631.0,631.0,0.10810810810810811
632.0,60,632.0,632.0,632.0,0.18333333333333332
633.0,59,633.0,633.0,633.0,0.15254237288135594
634.0,65,634.0,634.0,634.0,0.13846153846153847
635.0,58,635.0,635.0,635.0,0.15517241379310345
636.0,54,636.0,636.0,636.0,0.12962962962962962
637.0,64,637.0,637.0,637.0,0.109375
638.0,57,638.0,638.0,638.0,0.21052631578947367
639.0,59,639.0,639.0,639.0,0.1864406779661017
640.0,62,640.0,640.0,640.0,0.14516129032258066
641.0,63,641.0,641.0,641.0,0.1746031746031746
642.0,60,642.0,642.0,642.0,0.1
643.0,56,643.0,643.0,643.0,0.19642857142857142
644.0,59,644.0,644.0,644.0,0.13559322033898305
645.0,61,645.0,645.0,645.0,0.09836065573770492
646.0,64,646.0,646.0,646.0,0.109375
647.0,67,647.0,647.0,647.0,0.14925373134328357
648.0,63,648.0,648.0,648.0,0.19047619047619047
649.0,64,649.0,649.0,649.0,0.125
650.0,62,650.0,650.0,650.0,0.12903225806451613
651.0,59,651.0,651.0,651.0,0.15254237288135594
652.0,55,652.0,652.0,652.0,0.12727272727272726
653.0,52,653.0,653.0,653.0,0.038461538461538464
654.0,65,654.0,654.0,654.0,0.07692307692307693
655.0,59,655.0,655.0,655.0,0.1016949152542373
656.0,65,656.0,656.0,656.0,0.13846153846153847
657.0,76,657.0,657.0,657.0,0.07894736842105263
658.0,63,658.0,658.0,658.0,0.15873015873015872
659.0,51,659.0,659.0,659.0,0.0784313725490196
660.0,63,660.0,660.0,660.0,0.09523809523809523
661.0,64,661.0,661.0,661.0,0.125
662.0,70,662.0,662.0,662.0,0.11428571428571428
663.0,64,663.0,663.0,663.0,0.125
664.0,73,664.0,664.0,664.0,0.1506849315068493
665.0,72,665.0,665.0,665.0,0.19444444444444445
666.0,51,666.0,666.0,666.0,0.11764705882352941
667.0,49,667.0,667.0,667.0,0.16326530612244897
668.0,59,668.0,668.0,668.0,0.13559322033898305
669.0,60,669.0,669.0,669.0,0.08333333333333333
670.0,62,670.0,670.0,670.0,0.08064516129032258
671.0,59,671.0,671.0,671.0,0.1016949152542373
672.0,59,672.0,672.0,672.0,0.11864406779661017
673.0,66,673.0,673.0,673.0,0.10606060606060606
674.0,63,674.0,674.0,674.0,0.1111111111111111
675.0,60,675.0,675.0,675.0,0.15
676.0,66,676.0,676.0,676.0,0.10606060606060606
677.0,73,677.0,677.0,677.0,0.1095890410958904
678.0,52,678.0,678.0,678.0,0.15384615384615385
679.0,65,679.0,679.0,679.0,0.046153846153846156
680.0,66,680.0,680.0,680.0,0.10606060606060606
681.0,70,681.0,681.0,681.0,0.1
682.0,60,682.0,682.0,682.0,0.16666666666666666
683.0,59,683.0,683.0,683.0,0.06779661016949153
684.0,71,684.0,684.0,684.0,0.14084507042253522
685.0,57,685.0,685.0,685.0,0.08771929824561403
686.0,55,686.0,686.0,686.0,0.05454545454545454
687.0,78,687.0,687.0,687.0,0.10256410256410256
688.0,54,688.0,688.0,688.0,0.12962962962962962
689.0,62,689.0,689.0,689.0,0.20967741935483872
690.0,66,690.0,690.0,690.0,0.15151515151515152
691.0,62,691.0,691.0,691.0,0.06451612903225806
692.0,56,692.0,692.0,692.0,0.14285714285714285
693.0,63,693.0,693.0,693.0,0.06349206349206349
694.0,59,694.0,694.0,694.0,0.1016949152542373
695.0,61,695.0,695.0,695.0,0.18032786885245902
696.0,69,696.0,696.0,696.0,0.15942028985507245
697.0,58,697.0,697.0,697.0,0.15517241379310345
698.0,59,698.0,698.0,698.0,0.1016949152542373
699.0,65,699.0,699.0,699.0,0.1076923076923077
700.0,73,700.0,700.0,700.0,0.0410958904109589
701.0,62,701.0,701.0,701.0,0.16129032258064516
702.0,68,702.0,702.0,702.0,0.058823529411764705
703.0,53,703.0,703.0,703.0,0.11320754716981132
704.0,71,704.0,704.0,704.0,0.056338028169014086
705.0,65,705.0,705.0,705.0,0.1076923076923077
706.0,71,706.0,706.0,706.0,0.09859154929577464
707.0,80,707.0,707.0,707.0,0.1
708.0,56,708.0,708.0,708.0,0.03571428571428571
709.0,67,709.0,709.0,709.0,0.1791044776119403
710.0,57,710.0,710.0,710.0,0.10526315789473684
711.0,67,711.0,711.0,711.0,0.08955223880597014
712.0,62,712.0,712.0,712.0,0.11290322580645161
713.0,59,713.0,713.0,713.0,0.15254237288135594
714.0,57,714.0,714.0,714.0,0.08771929824561403
715.0,58,715.0,715.0,715.0,0.06896551724137931
716.0,74,716.0,716.0,716.0,0.06756756756756757
717.0,72,717.0,717.0,717.0,0.125
718.0,69,718.0,718.0,718.0,0.13043478260869565
719.0,57,719.0,719.0,719.0,0.08771929824561403
720.0,56,720.0,720.0,720.0,0.10714285714285714
721.0,53,721.0,721.0,721.0,0.07547169811320754
722.0,72,722.0,722.0,722.0,0.1111111111111111
723.0,72,723.0,723.0,723.0,0.09722222222222222
724.0,56,724.0,724.0,724.0,0.08928571428571429
725.0,59,725.0,725.0,725.0,0.15254237288135594
726.0,58,726.0,726.0,726.0,0.13793103448275862
727.0,54,727.0,727.0,727.0,0.05555555555555555
728.0,72,728.0,728.0,728.0,0.05555555555555555
729.0,68,729.0,729.0,729.0,0.07352941176470588
730.0,54,730.0,730.0,730.0,0.14814814814814814
731.0,74,731.0,731.0,731.0,0.08108108108108109
732.0,64,732.0,732.0,732.0,0.0625
733.0,60,733.0,733.0,733.0,0.25
734.0,65,734.0,734.0,734.0,0.06153846153846154
735.0,70,735.0,735.0,735.0,0.11428571428571428
736.0,69,736.0,736.0,736.0,0.13043478260869565
737.0,51,737.0,737.0,737.0,0.058823529411764705
738.0,59,738.0,738.0,738.0,0.0847457627118644
739.0,57,739.0,739.0,739.0,0.07017543859649122
740.0,76,740.0,740.0,740.0,0.06578947368421052
741.0,69,741.0,741.0,741.0,0.014492753623188406
742.0,71,742.0,742.0,742.0,0.1267605633802817
743.0,67,743.0,743.0,743.0,0.1044776119402985
744.0,59,744.0,744.0,744.0,0.13559322033898305
745.0,72,745.0,745.0,745.0,0.1111111111111111
746.0,66,746.0,746.0,746.0,0.18181818181818182
747.0,63,747.0,747.0,747.0,0.047619047619047616
748.0,62,748.0,748.0,748.0,0.08064516129032258
749.0,64,749.0,749.0,749.0,0.125
750.0,40,750.0,750.0,750.0,0.125
751.0,63,751.0,751.0,751.0,0.07936507936507936
752.0,65,752.0,752.0,752.0,0.12307692307692308
753.0,51,753.0,753.0,753.0,0.11764705882352941
754.0,68,754.0,754.0,754.0,0.07352941176470588
755.0,45,755.0,755.0,755.0,0.044444444444444446
756.0,52,756.0,756.0,756.0,0.07692307692307693
757.0,66,757.0,757.0,757.0,0.06060606060606061
758.0,58,758.0,758.0,758.0,0.10344827586206896
759.0,64,759.0,759.0,759.0,0.078125
760.0,61,760.0,760.0,760.0,0.08196721311475409
761.0,64,761.0,761.0,761.0,0.03125
762.0,63,762.0,762.0,762.0,0.15873015873015872
763.0,69,763.0,763.0,763.0,0.07246376811594203
764.0,64,764.0,764.0,764.0,0.078125
765.0,64,765.0,765.0,765.0,0.125
766.0,56,766.0,766.0,766.0,0.125
767.0,58,767.0,767.0,767.0,0.05172413793103448
768.0,64,768.0,768.0,768.0,0.109375
769.0,60,769.0,769.0,769.0,0.1
770.0,69,770.0,770.0,770.0,0.07246376811594203
771.0,71,771.0,771.0,771.0,0.08450704225352113
772.0,76,772.0,772.0,772.0,0.09210526315789473
773.0,57,773.0,773.0,773.0,0.05263157894736842
774.0,64,774.0,774.0,774.0,0.015625
775.0,63,775.0,775.0,775.0,0.047619047619047616
776.0,64,776.0,776.0,776.0,0.046875
777.0,57,777.0,777.0,777.0,0.15789473684210525
778.0,58,778.0,778.0,778.0,0.06896551724137931
779.0,68,779.0,779.0,779.0,0.058823529411764705
780.0,63,780.0,780.0,780.0,0.12698412698412698
781.0,52,781.0,781.0,781.0,0.11538461538461539
782.0,56,782.0,782.0,782.0,0.08928571428571429
783.0,65,783.0,783.0,783.0,0.046153846153846156
784.0,57,784.0,784.0,784.0,0.03508771929824561
785.0,64,785.0,785.0,785.0,0.0625
786.0,58,786.0,786.0,786.0,0.1896551724137931
787.0,62,787.0,787.0,787.0,0.03225806451612903
788.0,65,788.0,788.0,788.0,0.09230769230769231
789.0,45,789.0,789.0,789.0,0.06666666666666667
790.0,81,790.0,790.0,790.0,0.06172839506172839
791.0,70,791.0,791.0,791.0,0.07142857142857142
792.0,66,792.0,792.0,792.0,0.030303030303030304
793.0,48,793.0,793.0,793.0,0.0625
794.0,56,794.0,794.0,794.0,0.07142857142857142
795.0,61,795.0,795.0,795.0,0.0
796.0,60,796.0,796.0,796.0,0.05
797.0,49,797.0,797.0,797.0,0.02040816326530612
798.0,58,798.0,798.0,798.0,0.05172413793103448
799.0,56,799.0,799.0,799.0,0.05357142857142857
800.0,42,800.0,800.0,800.0,0.047619047619047616
801.0,54,801.0,801.0,801.0,0.037037037037037035
802.0,56,802.0,802.0,802.0,0.08928571428571429
803.0,63,803.0,803.0,803.0,0.14285714285714285
804.0,64,804.0,804.0,804.0,0.0
805.0,57,805.0,805.0,805.0,0.05263157894736842
806.0,63,806.0,806.0,806.0,0.1111111111111111
807.0,64,807.0,807.0,807.0,0.046875
808.0,66,808.0,808.0,808.0,0.030303030303030304
809.0,60,809.0,809.0,809.0,0.1
810.0,50,810.0,810.0,810.0,0.06
811.0,57,811.0,811.0,811.0,0.05263157894736842
812.0,68,812.0,812.0,812.0,0.11764705882352941
813.0,59,813.0,813.0,813.0,0.01694915254237288
814.0,55,814.0,814.0,814.0,0.0
815.0,56,815.0,815.0,815.0,0.07142857142857142
816.0,59,816.0,816.0,816.0,0.05084745762711865
817.0,53,817.0,817.0,817.0,0.07547169811320754
818.0,62,818.0,818.0,818.0,0.08064516129032258
819.0,59,819.0,819.0,819.0,0.06779661016949153
820.0,69,820.0,820.0,820.0,0.043478260869565216
821.0,46,821.0,821.0,821.0,0.021739130434782608
822.0,48,822.0,822.0,822.0,0.0625
823.0,63,823.0,823.0,823.0,0.031746031746031744
824.0,55,824.0,824.0,824.0,0.05454545454545454
825.0,53,825.0,825.0,825.0,0.1509433962264151
826.0,63,826.0,826.0,826.0,0.047619047619047616
827.0,45,827.0,827.0,827.0,0.044444444444444446
828.0,57,828.0,828.0,828.0,0.03508771929824561
829.0,53,829.0,829.0,829.0,0.03773584905660377
830.0,54,830.0,830.0,830.0,0.09259259259259259
831.0,46,831.0,831.0,831.0,0.06521739130434782
832.0,54,832.0,832.0,832.0,0.018518518518518517
833.0,53,833.0,833.0,833.0,0.03773584905660377
834.0,60,834.0,834.0,834.0,0.08333333333333333
835.0,39,835.0,835.0,835.0,0.0
836.0,50,836.0,836.0,836.0,0.02
837.0,53,837.0,837.0,837.0,0.07547169811320754
838.0,50,838.0,838.0,838.0,0.1
839.0,40,839.0,839.0,839.0,0.025
840.0,42,840.0,840.0,840.0,0.047619047619047616
841.0,50,841.0,841.0,841.0,0.1
842.0,43,842.0,842.0,842.0,0.09302325581395349
843.0,57,843.0,843.0,843.0,0.05263157894736842
844.0,49,844.0,844.0,844.0,0.02040816326530612
845.0,57,845.0,845.0,845.0,0.07017543859649122
846.0,53,846.0,846.0,846.0,0.018867924528301886
847.0,39,847.0,847.0,847.0,0.05128205128205128
848.0,42,848.0,848.0,848.0,0.023809523809523808
849.0,59,849.0,849.0,849.0,0.05084745762711865
850.0,58,850.0,850.0,850.0,0.017241379310344827
851.0,49,851.0,851.0,851.0,0.061224489795918366
852.0,44,852.0,852.0,852.0,0.022727272727272728
853.0,55,853.0,853.0,853.0,0.09090909090909091
854.0,41,854.0,854.0,854.0,0.04878048780487805
855.0,49,855.0,855.0,855.0,0.02040816326530612
856.0,43,856.0,856.0,856.0,0.06976744186046512
857.0,44,857.0,857.0,857.0,0.045454545454545456
858.0,48,858.0,858.0,858.0,0.10416666666666667
859.0,49,859.0,859.0,859.0,0.02040816326530612
860.0,42,860.0,860.0,860.0,0.07142857142857142
861.0,39,861.0,861.0,861.0,0.0
862.0,47,862.0,862.0,862.0,0.06382978723404255
863.0,40,863.0,863.0,863.0,0.025
864.0,41,864.0,864.0,864.0,0.07317073170731707
865.0,36,865.0,865.0,865.0,0.05555555555555555
866.0,32,866.0,866.0,866.0,0.0625
867.0,52,867.0,867.0,867.0,0.019230769230769232
868.0,42,868.0,868.0,868.0,0.047619047619047616
869.0,45,869.0,869.0,869.0,0.044444444444444446
870.0,36,870.0,870.0,870.0,0.08333333333333333
871.0,41,871.0,871.0,871.0,0.024390243902439025
872.0,41,872.0,872.0,872.0,0.024390243902439025
873.0,30,873.0,873.0,873.0,0.06666666666666667
874.0,46,874.0,874.0,874.0,0.0
875.0,42,875.0,875.0,875.0,0.023809523809523808
876.0,43,876.0,876.0,876.0,0.046511627906976744
877.0,36,877.0,877.0,877.0,0.027777777777777776
878.0,44,878.0,878.0,878.0,0.0
879.0,43,879.0,879.0,879.0,0.06976744186046512
880.0,37,880.0,880.0,880.0,0.05405405405405406
881.0,37,881.0,881.0,881.0,0.02702702702702703
882.0,35,882.0,882.0,882.0,0.0
883.0,38,883.0,883.0,883.0,0.05263157894736842
884.0,31,884.0,884.0,884.0,0.03225806451612903
885.0,31,885.0,885.0,885.0,0.03225806451612903
886.0,34,886.0,886.0,886.0,0.058823529411764705
887.0,31,887.0,887.0,887.0,0.0
888.0,32,888.0,888.0,888.0,0.03125
889.0,40,889.0,889.0,889.0,0.05
890.0,21,890.0,890.0,890.0,0.047619047619047616
891.0,33,891.0,891.0,891.0,0.030303030303030304
892.0,37,892.0,892.0,892.0,0.02702702702702703
893.0,35,893.0,893.0,893.0,0.02857142857142857
894.0,41,894.0,894.0,894.0,0.07317073170731707
895.0,26,895.0,895.0,895.0,0.0
896.0,38,896.0,896.0,896.0,0.02631578947368421
897.0,32,897.0,897.0,897.0,0.0
898.0,34,898.0,898.0,898.0,0.0
899.0,35,899.0,899.0,899.0,0.02857142857142857
900.0,37,900.0,900.0,900.0,0.0
901.0,33,901.0,901.0,901.0,0.0
902.0,38,902.0,902.0,902.0,0.02631578947368421
903.0,33,903.0,903.0,903.0,0.0
904.0,24,904.0,904.0,904.0,0.0
905.0,38,905.0,905.0,905.0,0.05263157894736842
906.0,36,906.0,906.0,906.0,0.0
907.0,25,907.0,907.0,907.0,0.04
908.0,26,908.0,908.0,908.0,0.0
909.0,44,909.0,909.0,909.0,0.022727272727272728
910.0,22,910.0,910.0,910.0,0.0
911.0,34,911.0,911.0,911.0,0.029411764705882353
912.0,32,912.0,912.0,912.0,0.0625
913.0,27,913.0,913.0,913.0,0.0
914.0,32,914.0,914.0,914.0,0.0
915.0,30,915.0,915.0,915.0,0.03333333333333333
916.0,28,916.0,916.0,916.0,0.0
917.0,28,917.0,917.0,917.0,0.03571428571428571
918.0,28,918.0,918.0,918.0,0.03571428571428571
919.0,30,919.0,919.0,919.0,0.0
920.0,33,920.0,920.0,920.0,0.0
921.0,19,921.0,921.0,921.0,0.0
922.0,35,922.0,922.0,922.0,0.0
923.0,30,923.0,923.0,923.0,0.03333333333333333
924.0,29,924.0,924.0,924.0,0.034482758620689655
925.0,20,925.0,925.0,925.0,0.0
926.0,34,926.0,926.0,926.0,0.029411764705882353
927.0,28,927.0,927.0,927.0,0.10714285714285714
928.0,25,928.0,928.0,928.0,0.0
929.0,28,929.0,929.0,929.0,0.0
930.0,32,930.0,930.0,930.0,0.0
931.0,23,931.0,931.0,931.0,0.08695652173913043
932.0,27,932.0,932.0,932.0,0.037037037037037035
933.0,26,933.0,933.0,933.0,0.07692307692307693
934.0,21,934.0,934.0,934.0,0.0
935.0,17,935.0,935.0,935.0,0.0
936.0,19,936.0,936.0,936.0,0.0
937.0,20,937.0,937.0,937.0,0.0
938.0,16,938.0,938.0,938.0,0.0625
939.0,19,939.0,939.0,939.0,0.0
940.0,17,940.0,940.0,940.0,0.0
941.0,17,941.0,941.0,941.0,0.0
942.0,19,942.0,942.0,942.0,0.0
943.0,32,943.0,943.0,943.0,0.03125
944.0,21,944.0,944.0,944.0,0.047619047619047616
945.0,17,945.0,945.0,945.0,0.0
946.0,16,946.0,946.0,946.0,0.0
947.0,14,947.0,947.0,947.0,0.0
948.0,12,948.0,948.0,948.0,0.0
949.0,16,949.0,949.0,949.0,0.0
950.0,8,950.0,950.0,950.0,0.0
951.0,8,951.0,951.0,951.0,0.0
952.0,12,952.0,952.0,952.0,0.0
953.0,8,953.0,953.0,953.0,0.0
954.0,11,954.0,954.0,954.0,0.0
955.0,7,955.0,955.0,955.0,0.0
956.0,8,956.0,956.0,956.0,0.0
957.0,16,957.0,957.0,957.0,0.0
958.0,6,958.0,958.0,958.0,0.0
959.0,7,959.0,959.0,959.0,0.0
960.0,6,960.0,960.0,960.0,0.0
961.0,4,961.0,961.0,961.0,0.0
962.0,9,962.0,962.0,962.0,0.0
963.0,4,963.0,963.0,963.0,0.0
964.0,3,964.0,964.0,964.0,0.0
965.0,5,965.0,965.0,965.0,0.0
966.0,5,966.0,966.0,966.0,0.2
967.0,6,967.0,967.0,967.0,0.16666666666666666
968.0,1,968.0,968.0,968.0,0.0
969.0,6,969.0,969.0,969.0,0.0
970.0,1,970.0,970.0,970.0,0.0
971.0,3,971.0,971.0,971.0,0.0
974.0,2,974.0,974.0,974.0,0.0
